TEMATICA,TEMA
Organización y Dirección,21
Organización y Dirección,22
Organización y Dirección,23
Organización y Dirección,24
Organización y Dirección,25
Organización y Dirección,26
Organización y Dirección,27
Organización y Dirección,28
Legislación (I) Protección de Datos,29
Legislación completa,29
Legislación (II) Sociedad de la Información y Administración Electrónica,30
Legislación completa,30
Auditoría,31
Auditoría,32
Auditoría,33
Compra Pública,34
Compra Pública,35
Legislación (III) Propiedad Intelectual,36
Legislación completa,36
Legislación (III) Propiedad Intelectual,37
Compra Pública,38
"Normalización, Interoperabilidad y Accesibilidad",39
Programación Web e Internet,39
"Normalización, Interoperabilidad y Accesibilidad",40
Programación Web e Internet,40
Compra Pública,41
"Normalización, Interoperabilidad y Accesibilidad",42
Legislación (II) Sociedad de la Información y Administración Electrónica,43
Legislación completa,43
Programación Web e Internet,43
Legislación (II) Sociedad de la Información y Administración Electrónica,44
Legislación completa,44
Programación Web e Internet,44
Hardware,45
Hardware,46
Hardware,47
Hardware,48
Hardware,49
Hardware,50
"Plataformas de desarrollo, Lenguajes de Programación y SOA",51
SSOO y BBDD,52
SSOO y BBDD,53
SSOO y BBDD,54
SSOO y BBDD,55
SSOO y BBDD,56
SSOO y BBDD,57
Desarrollo de aplicaciones con bases de datos,57
SSOO y BBDD,58
Desarrollo de aplicaciones con bases de datos,58
Plataformas de desarrollo y Lenguajes de Programación,59
Programación Web e Internet,59
Desarrollo de aplicaciones con bases de datos,59
"Plataformas de desarrollo, Lenguajes de Programación y SOA",60
Programación Web e Internet,60
Desarrollo de aplicaciones con bases de datos,60
Software Libre,61
"Software, IA, elearning, GIS, etc",61
Software Libre,62
"Software, IA, elearning, GIS, etc",62
Inteligencia Artificial y Gestión del Conocimiento,63
"Software, IA, elearning, GIS, etc",63
Inteligencia Artificial y Gestión del Conocimiento,64
"Software, IA, elearning, GIS, etc",64
"CRM, e-learning, SIG, DW, Wf y OLAP",65
"Software, IA, elearning, GIS, etc",65
"CRM, e-learning, SIG, DW, Wf y OLAP",66
"Software, IA, elearning, GIS, etc",66
"CRM, e-learning, SIG, DW, Wf y OLAP",67
"Software, IA, elearning, GIS, etc",67
"CRM, e-learning, SIG, DW, Wf y OLAP",68
Desarrollo de aplicaciones con bases de datos,68
"Software, IA, elearning, GIS, etc",68
HTML y XML,69
Programación Web e Internet,69
Internet,70
Programación Web e Internet,70
"CRM, e-learning, SIG, DW, Wf y OLAP",71
Desarrollo de aplicaciones con bases de datos,71
Seguridad y Firma Electrónica,72
Seguridad,72
Seguridad y Firma Electrónica,73
Programación Web e Internet,73
Seguridad,73
Seguridad y Firma Electrónica,74
Seguridad,74
Legislación (I) Protección de Datos,75
Legislación completa,75
Seguridad,75
Ingeniería del Sofware,76
Ingeniería del Sofware,77
Ingeniería del Sofware,78
Ingeniería del Sofware,79
Ingeniería del Sofware,80
Ingeniería del Sofware,81
Ingeniería del Sofware,82
Ingeniería del Sofware,83
Ingeniería del Sofware,84
Ingeniería del Sofware,85
Métrica,86
Calidad,87
Calidad,88
Calidad,89
Calidad,90
Calidad,91
Calidad,92
Métodos de gestión y obtención de la información,93
Métodos de gestión y obtención de la información,94
Métodos de gestión y obtención de la información,95
Métodos de gestión y obtención de la información,96
Métodos de gestión y obtención de la información,97
ITIL y COBIT,98
Redes,99
Redes,100
Redes,101
Redes,102
Redes,103
Redes,104
Tecnologías de Telecomunicaciones,105
Internet,106
Tecnologías de Telecomunicaciones,107
Tecnologías de Telecomunicaciones,108
Tecnologías de Telecomunicaciones,109
Legislación(III) Ley General de Telecomunicaciones,110
Seguridad y Firma Electrónica,111
Internet,112
Redes,113
"Plataformas de desarrollo, Lenguajes de Programación y SOA",114
"Plataformas de desarrollo, Lenguajes de Programación y SOA",115
"Plataformas de desarrollo, Lenguajes de Programación y SOA",116
Tecnologías de Telecomunicaciones,117
Internet,118
SSOO y BBDD,119
Internet,120